Problem #,Date,Time Taken,Confidence
215,2025-09-15,1m50s,4
973,2025-09-15,1m43s,4
3683,2025-09-15,1 m 36s,4
3684,2025-09-15,5 m 45 s,3
100,2025-09-15,2 m 50 s,4
347,2025-09-15,2 m 29 s,4
200,2025-09-16,6m11s,3
242,2025-09-16,2m41s,3
692,2025-09-16,1m59s,4
104,2025-09-16,2m15s,4
78,2025-09-16,2m57s,4
49,2025-09-16,5m17s,4
199,2025-09-16,5m00s,3
167,2025-09-16,5m00s,3
11,2025-09-17,3m02s,4
658,2025-09-17,2m02s,4
55,2025-09-17,10m00s,2
994,2025-09-17,13m03s,3
2408,2025-09-18,44m16s,3
1396,2025-09-20,8m01s,4
215,2025-09-20,3m10s,5
1472,2025-09-20,14 m 18 s,4
1352,2025-09-20,25 m 19 s,3